{
  "name": "dimian",
  "models": [
    {
      "name": "haocangku03",
      "position": {
        "x": -16.600488232686217,
        "y": -6.5748726584531895e-15,
        "z": 29.610594054618247
      },
      "rotation": {
        "x": 0,
        "y": 0,
        "z": 0
      },
      "scale": {
        "x": 1,
        "y": 1,
        "z": 1
      },
      "innerModels": []
    }
  ]
}



